{
    "accuracy": 0.21251475796930341,
    "precision_weighted": 0.2131860431534488,
    "recall_weighted": 0.21251475796930341,
    "f1_weighted": 0.21255287010730123
}